lambda,seed,processed,violations,probability,mean_delay_ms 
300,400440917,10000000,1472,0.0001472000,3.498731
300,400473040,10000000,1450,0.0001450000,3.499141
325,400440917,10000000,5214,0.0005214000,3.855044
325,400473040,10000000,5288,0.0005288000,3.855702
350,400440917,10000000,17680,0.0017680000,4.330300
350,400473040,10000000,17714,0.0017714000,4.329479
375,400440917,10000000,56445,0.0056445000,4.993854
375,400473040,10000000,55900,0.0055900000,4.990007
400,400440917,10000000,173807,0.0173807000,5.987735
400,400473040,10000000,169407,0.0169407000,5.976750
410,400440917,10000000,269493,0.0269493000,6.540522
410,400473040,10000000,262147,0.0262147000,6.524226
420,400440917,10000000,414478,0.0414478000,7.232065
420,400473040,10000000,404663,0.0404663000,7.208022
430,400440917,10000000,633104,0.0633104000,8.118812
430,400473040,10000000,620461,0.0620461000,8.085793
440,400440917,10000000,957894,0.0957894000,9.301278
440,400473040,10000000,944087,0.0944087000,9.257015
450,400440917,10000000,1441551,0.1441551000,10.965858
450,400473040,10000000,1417348,0.1417348000,10.888089
460,400440917,10000000,2148291,0.2148291000,13.454395
460,400473040,10000000,2122717,0.2122717000,13.336977
470,400440917,10000000,3193666,0.3193666000,17.614652
470,400473040,10000000,3161669,0.3161669000,17.466780
480,400440917,10000000,4710594,0.4710594000,25.947654
480,400473040,10000000,4672764,0.4672764000,25.802478
490,400440917,10000000,6884063,0.6884063000,50.262003
490,400473040,10000000,6854894,0.6854894000,51.077397
